{"columns": ["age", "sex", "bmi", "children", "smoker", "region", "charges"], "types": {"age": "int64", "sex": "object", "bmi": "float64", "children": "int64", "smoker": "object", "region": "object", "charges": "float64"}, "sample_data": {"age": [19, 18, 28, 33, 32], "sex": ["female", "male", "male", "male", "male"], "bmi": [27.9, 33.77, 33.0, 22.705, 28.88], "children": [0, 1, 3, 0, 0], "smoker": ["yes", "no", "no", "no", "no"], "region": ["southwest", "southeast", "southeast", "northwest", "northwest"], "charges": [16884.924, 1725.5523, 4449.462, 21984.47061, 3866.8552]}, "value_counts": {"age": {"18": 69, "19": 68, "50": 29, "51": 29, "47": 29}, "sex": {"male": 676, "female": 662}, "bmi": {"32.3": 13, "28.31": 9, "30.495": 8, "30.875": 8, "31.35": 8}, "children": {"0": 574, "1": 324, "2": 240, "3": 157, "4": 25}, "smoker": {"no": 1064, "yes": 274}, "region": {"southeast": 364, "southwest": 325, "northwest": 325, "northeast": 324}, "charges": {"1639.5631": 2, "16884.924": 1, "29330.98315": 1, "2221.56445": 1, "19798.05455": 1}}, "description": {"age": {"count": 1338.0, "mean": 39.20702541106129, "std": 14.049960379216172, "min": 18.0, "max": 64.0}, "bmi": {"count": 1338.0, "mean": 30.66339686098655, "std": 6.098186911679017, "min": 15.96, "max": 53.13}, "children": {"count": 1338.0, "mean": 1.0949177877429, "std": 1.2054927397819095, "min": 0.0, "max": 5.0}, "charges": {"count": 1338.0, "mean": 13270.422265141257, "std": 12110.011236693996, "min": 1121.8739, "max": 63770.42801}}}